Keyword,Avg. Monthly Searches (exact match only)
noticias de politica,2900
peliculas nuevas 2017,2900
tv noticias,2900
deportes futbol,2900
espectaculos de hoy,2900
resultados futbol hoy,2900
buenas peliculas,2900
resultados de futbol hoy,2900
peliculas en el cine,2900
cine peliculas,2900
noticias deportes,2400
celebridades,2400
futbol internacional,2400
chismes del espectaculo,1900
futbol de espa침a,1900
estrenos peliculas 2016,1900
resultados futbol espa침ol,1900
boxeo mexicano,1900
peliculas para ver,1900
noticias deportes entretenimiento,1900
lista de peliculas,1900
noticias futbol,1600
noticias deportivas de hoy,1600
ultimas noticias del espectaculo,1600
boxeo mundial,1600
peliculas en estreno,1600
noticias del futbol mexicano,1600
ultimas noticias del futbol mexicano,1600
peliculas de cine,1600
tv espectaculos,1600
estrenos peliculas,1600
peliculas recientes 2016,1600
noticias de educacion,1300
noticias sobre deportes,1300
nuevas peliculas,1300
noticias de futbol mexicano,1300
noticias futbol mexicano,1300
peleas de box para hoy,1300
peleas de box hoy,1300
noticias de famosos,1000
bienes raices df,1000
deportes noticias,1000
noticia deportiva,1000
noticias del espect치culo,1000
estrenos cine,1000
espectaculos internacionales,1000
nuevas peliculas 2016,1000
peliculas en cine,1000
peliculas del cine,1000
rese침as de peliculas,880
comparativo de autos,880